metric,rho,p_value
closed_pnl,0.039844129237169096,0.38424657405736784
net_after_fees,0.04288904353846883,0.34893806651677056
volume_usd,-0.05623383658313544,0.21926147794743836
trades,-0.0325919926467611,0.4766902306114713
win_rate,0.067238023700122,0.16951265261300705
pnl_per_realized_fill,0.0004175865575492846,0.9932003118923176
pnl_margin_bps,0.13454649077220257,0.003173357880655243
active_accounts,-0.154032048534586,0.0007181471150330198
